"","KEGGterm","over_represented_pvalue","under_represented_pvalue","numDEInCat","numInCat"
"1159","K20478",0.00029310404979235,1,7,7
"235","K04988",0.000984952632266314,1,6,6
"299","K06238",0.0106109555242334,1,4,4
"1230","K22754",0.0106109555242334,1,4,4
"634","K11997",0.01497707370843,1,3,3
"107","K02183",0.0198760162105426,1,3,3
"1301","K23901",0.0208758663101889,1,3,3
"490","K10349",0.0230694517075674,1,3,3
"429","K09228",0.0235066583505929,1,3,3
"311","K06630",0.028881283683101,1,3,3
"654","K12373",0.029630170289292,1,3,3
"1308","K24032",0.029965472537176,1,3,3
"233","K04984",0.0301171467131447,1,3,3
"20","K00461",0.0311475627336251,1,3,3
"741","K13172",0.0322264441771584,1,3,3
"79","K01415",0.0324927418122431,1,3,3
"975","K17341",0.0330543561074129,1,3,3
"934","K16669",0.0330640228531171,1,3,3
"656","K12385",0.033068236506935,1,3,3
"1024","K17916",0.0330732499200196,1,3,3
"1205","K22017",0.0330732499200196,1,3,3
"994","K17566",0.0531378267277203,1,2,2
"431","K09267",0.05433866277518,1,2,2
"498","K10374",0.0547687241397517,1,2,2
"515","K10478",0.0569011592920847,1,2,2
"1038","K18171",0.0611979317340696,1,2,2
"140","K03098",0.0624736799729389,1,2,2
"713","K12896",0.0626519276120805,1,2,2
"630","K11971",0.0647215810195045,1,2,2
"39","K00799",0.0658304539464337,1,2,2
"19","K00432",0.0659579141801739,1,2,2
"227","K04739",0.0664785479914097,1,2,2
"90","K01672",0.072421401450528,1,2,2
"172","K03768",0.0724743239328432,1,2,2
"33","K00714",0.0767757431205409,1,2,2
"47","K01025",0.0772800990020349,1,2,2
"1061","K18669",0.07743258173674,1,2,2
"749","K13348",0.0787269407356983,1,2,2
"438","K09322",0.080771336315076,1,2,2
"906","K15837",0.0812924924019175,1,2,2
"67","K01275",0.0824211708009059,1,2,2
"1078","K19363",0.082620281268232,1,2,2
"376","K08493",0.0832526823072417,1,2,2
"1026","K17920",0.0836954591696839,1,2,2
"719","K13096",0.0842003787595321,1,2,2
"282","K06030",0.0854475963138476,1,2,2
"520","K10577",0.0856801480678337,1,2,2
"14","K00274",0.0857578220364003,1,2,2
"1227","K22614",0.0864746110080059,1,2,2
"1086","K19491",0.0869032795465949,1,2,2
"423","K09048",0.0870233278540309,1,2,2
"124","K02583",0.0874201472052066,1,2,2
"676","K12625",0.0879030690766734,1,2,2
"253","K05463",0.0885775071764239,1,2,2
"250","K05181",0.0896327936752254,1,2,2
"705","K12869",0.0897846876504402,1,2,2
"98","K01904",0.0906408245600023,1,2,2
"868","K15261",0.0906425276529158,1,2,2
"138","K03068",0.0912205159085111,1,2,2
"915","K16342",0.0918902525977391,1,2,2
"1329","K24348",0.0922364572545772,1,2,2
"502","K10397",0.0922693547756314,1,2,2
"354","K07984",0.0925240884043945,1,2,2
"32","K00710",0.0931438939406755,1,2,2
"45","K00972",0.0937113773213904,1,2,2
"303","K06265",0.0941664986013863,1,2,2
"701","K12862",0.0946603798060183,1,2,2
"65","K01265",0.0952987616742622,1,2,2
"476","K09848",0.0962189260092961,1,2,2
"784","K14354",0.0968787140611276,1,2,2
"1087","K19499",0.0981696847984689,1,2,2
"403","K08824",0.0997881292956697,1,2,2
"72","K01332",0.10020599476193,1,2,2
"182","K04362",0.100937895756746,1,2,2
"244","K05121",0.101083711380157,1,2,2
"591","K11423",0.101097393845261,1,2,2
"66","K01273",0.101231441076233,1,2,2
"607","K11592",0.101309009831068,1,2,2
"544","K10798",0.10137446750859,1,2,2
"274","K05850",0.10145314375978,1,2,2
"1317","K24135",0.10150580152206,1,2,2
"1232","K22804",0.101995836013903,1,2,2
"949","K16766",0.102098378126153,1,2,2
"1338","K24510",0.102188114654695,1,2,2
"472","K09657",0.102196550667687,1,2,2
"218","K04615",0.102470025768915,1,2,2
"249","K05127",0.102630615058924,1,2,2
"31","K00698",0.102745841949394,1,2,2
"385","K08621",0.102861673520953,1,2,2
"1158","K20465",0.102866432087738,1,2,2
"919","K16449",0.10290688168404,1,2,2
"408","K08844",0.103024689941583,1,2,2
"1228","K22656",0.103051414683124,1,2,2
"85","K01539",0.103060410514011,1,2,2
"221","K04659",0.103060410514011,1,2,2
"526","K10609",0.103060410514011,1,2,2
"663","K12489",0.103060410514011,1,2,2
"967","K17108",0.103060410514011,1,2,2
"1089","K19511",0.103060410514011,1,2,2
"298","K06237",0.103060410514011,1,2,2
"1091","K19525",0.103060410514011,1,2,2
"896","K15626",0.226817656429392,1,1,1
"310","K06625",0.228152781350979,1,1,1
"23","K00522",0.229162371080878,1,1,1
"871","K15294",0.229606061001646,1,1,1
"131","K02911",0.229847934277089,1,1,1
"754","K13485",0.230894889650197,1,1,1
"325","K07023",0.231498023172117,1,1,1
"422","K09037",0.231578391352801,1,1,1
"204","K04513",0.23165874775219,1,1,1
"1175","K20819",0.232301170835218,1,1,1
"203","K04507",0.232541881083259,1,1,1
"1279","K23543",0.232862657415678,1,1,1
"409","K08851",0.233063042726149,1,1,1
"914","K16336",0.233463580442334,1,1,1
"986","K17494",0.233503617013392,1,1,1
"379","K08509",0.233583680719861,1,1,1
"1262","K23313",0.233917143409002,1,1,1
"1241","K22904",0.234143771792041,1,1,1
"434","K09273",0.234223733711953,1,1,1
"473","K09659",0.235301946524226,1,1,1
"981","K17424",0.235301946524226,1,1,1
"1037","K18168",0.235740527387319,1,1,1
"1105","K19755",0.235979581641901,1,1,1
"1263","K23318",0.236536897773471,1,1,1
"179","K04265",0.23721272759911,1,1,1
"548","K10808",0.237292170442836,1,1,1
"946","K16753",0.237689172171948,1,1,1
"1010","K17682",0.237702399435163,1,1,1
"659","K12474",0.237847873100578,1,1,1
"432","K09270",0.238719695410781,1,1,1
"563","K11088",0.239352633149012,1,1,1
"738","K13164",0.239352633149012,1,1,1
"1216","K22414",0.239510718654465,1,1,1
"759","K13707",0.239708241016249,1,1,1
"1245","K23001",0.239905669002404,1,1,1
"272","K05752",0.239971457272893,1,1,1
"518","K10570",0.239984613660396,1,1,1
"372","K08439",0.240221356238837,1,1,1
"979","K17410",0.240221356238837,1,1,1
"1185","K21283",0.240615620646711,1,1,1
"352","K07937",0.24103574310057,1,1,1
"1248","K23049",0.241284980708961,1,1,1
"1209","K22193",0.241402985621561,1,1,1
"758","K13702",0.241586478202846,1,1,1
"1387","K25396",0.241782981597659,1,1,1
"585","K11315",0.241835365704623,1,1,1
"1048","K18435",0.241835365704623,1,1,1
"169","K03648",0.241874649131967,1,1,1
"441","K09345",0.241900835865741,1,1,1
"894","K15615",0.242201855388047,1,1,1
"1066","K18733",0.2423849689374,1,1,1
"711","K12890",0.242594133713636,1,1,1
"751","K13366",0.242894605382136,1,1,1
"175","K03966",0.243416590548988,1,1,1
"280","K05991",0.243442670533819,1,1,1
"436","K09304",0.243546972021127,1,1,1
"113","K02326",0.24383364837426,1,1,1
"22","K00512",0.244224207411424,1,1,1
"655","K12384",0.244380312890813,1,1,1
"462","K09550",0.244406323878121,1,1,1
"937","K16687",0.244770279078373,1,1,1
"640","K12181",0.244783270599684,1,1,1
"1110","K19873",0.244809252214743,1,1,1
"130","K02898",0.245263621175412,1,1,1
"167","K03540",0.245276594514726,1,1,1
"283","K06054",0.245445204078808,1,1,1
"121","K02375",0.245471136772825,1,1,1
"901","K15686",0.245561885966996,1,1,1
"122","K02432",0.245626692290687,1,1,1
"174","K03951",0.245626692290687,1,1,1
"119","K02354",0.245665570264657,1,1,1
"1152","K20359",0.245808085419493,1,1,1
"726","K13120",0.246468064373427,1,1,1
"618","K11802",0.246493919822583,1,1,1
"164","K03506",0.246623167366533,1,1,1
"37","K00746",0.24679111498997,1,1,1
"458","K09506",0.246984796127695,1,1,1
"263","K05692",0.247023518869517,1,1,1
"481","K10151",0.247062237107166,1,1,1
"1215","K22383",0.247835650107333,1,1,1
"447","K09408",0.248105913007096,1,1,1
"1273","K23498",0.248247389202882,1,1,1
"872","K15306",0.248684285333398,1,1,1
"1249","K23096",0.249364131540136,1,1,1
"675","K12623",0.24941538097782,1,1,1
"444","K09377",0.249748296543717,1,1,1
"1385","K25366",0.249927410459735,1,1,1
"753","K13443",0.250055285130198,1,1,1
"629","K11877",0.250131984329222,1,1,1
"470","K09627",0.250144765659407,1,1,1
"363","K08069",0.250221442409809,1,1,1
"55","K01149",0.250246997044929,1,1,1
"1211","K22210",0.250464124820134,1,1,1
"612","K11680",0.250668338344188,1,1,1
"88","K01598",0.251127312228979,1,1,1
"972","K17306",0.251305611593314,1,1,1
"866","K15203",0.251496527605023,1,1,1
"933","K16600",0.251674604393897,1,1,1
"1148","K20347",0.251801735980248,1,1,1
"187","K04377",0.251877988417859,1,1,1
"469","K09586",0.251903401471426,1,1,1
"671","K12593",0.252487288227664,1,1,1
"1295","K23800",0.253133255232458,1,1,1
"714","K12946",0.253259743070353,1,1,1
"141","K03104",0.253360892425886,1,1,1
"421","K09027",0.253550449183221,1,1,1
"166","K03511",0.253651493572313,1,1,1
"882","K15432",0.25394179182086,1,1,1
"1229","K22745",0.253954406587169,1,1,1
"1243","K22928",0.254382965115083,1,1,1
"488","K10290",0.255049671945588,1,1,1
"1361","K24835",0.255877600553725,1,1,1
"690","K12826",0.256052888993467,1,1,1
"881","K15429",0.257338880946284,1,1,1
"745","K13190",0.257525622923499,1,1,1
"829","K14825",0.257562954747289,1,1,1
"545","K10801",0.257712226683327,1,1,1
"99","K01915",0.257848981334729,1,1,1
"327","K07192",0.258022924576329,1,1,1
"467","K09578",0.258345639537881,1,1,1
"541","K10767",0.258345639537881,1,1,1
"1063","K18723",0.258705093817207,1,1,1
"199","K04453",0.258915563466061,1,1,1
"1394","K25493",0.259051652853205,1,1,1
"1111","K19882",0.259088754904167,1,1,1
"573","K11257",0.259249464782631,1,1,1
"954","K16796",0.259422417356182,1,1,1
"1000","K17578",0.259434766356021,1,1,1
"1261","K23309",0.25952119157417,1,1,1
"38","K00759",0.259780280155788,1,1,1
"809","K14715",0.259841926459301,1,1,1
"335","K07375",0.259878906573023,1,1,1
"1080","K19373",0.259977492061426,1,1,1
"135","K03022",0.260211468166867,1,1,1
"781","K14325",0.260359122995421,1,1,1
"1106","K19757",0.260383723114567,1,1,1
"365","K08074",0.26115730094338,1,1,1
"353","K07939",0.26141458573585,1,1,1
"826","K14822",0.261426830187074,1,1,1
"1371","K24937",0.261696041899927,1,1,1
"892","K15544",0.261806082122518,1,1,1
"677","K12641",0.261879412572098,1,1,1
"1016","K17805",0.262087052882368,1,1,1
"184","K04370",0.262111468567617,1,1,1
"466","K09577",0.262392057968756,1,1,1
"362","K08067",0.262647940474959,1,1,1
"542","K10771",0.262915691364578,1,1,1
"123","K02437",0.263073755021372,1,1,1
"983","K17433",0.263243850097582,1,1,1
"635","K12035",0.263450216106484,1,1,1
"1047","K18422",0.263656386278015,1,1,1
"875","K15365",0.263765455691911,1,1,1
"889","K15485",0.263983428943407,1,1,1
"428","K09223",0.264116525877882,1,1,1
"961","K16866",0.264346225334949,1,1,1
"1213","K22375",0.264406631365573,1,1,1
"57","K01179",0.264491170916077,1,1,1
"853","K15146",0.264780764255749,1,1,1
"111","K02318",0.264901310274912,1,1,1
"792","K14525",0.264901310274912,1,1,1
"110","K02310",0.265322668008149,1,1,1
"360","K08057",0.265370767844983,1,1,1
"322","K06911",0.265478950591933,1,1,1
"766","K13868",0.265983028486121,1,1,1
"220","K04658",0.26605493429583,1,1,1
"351","K07930",0.266545574232706,1,1,1
"767","K13985",0.266915704164431,1,1,1
"572","K11150",0.267070700911065,1,1,1
"147","K03236",0.267368403334592,1,1,1
"1320","K24167",0.26738030128426,1,1,1
"539","K10753",0.267451672499197,1,1,1
"1341","K24627",0.267819970666674,1,1,1
"978","K17405",0.267831838528917,1,1,1
"982","K17427",0.267879301976541,1,1,1
"209","K04555",0.268009760268006,1,1,1
"418","K08900",0.268187500697342,1,1,1
"564","K11089",0.268211185648546,1,1,1
"461","K09537",0.268223026905286,1,1,1
"704","K12868",0.268270383796723,1,1,1
"27","K00600",0.268294057355483,1,1,1
"737","K13161",0.268376889099293,1,1,1
"1345","K24686",0.26838871893515,1,1,1
"643","K12194",0.268424203528122,1,1,1
"1392","K25470",0.268424203528122,1,1,1
"821","K14801",0.268447855823886,1,1,1
"48","K01052",0.268613329777517,1,1,1
"1269","K23388",0.268648767443321,1,1,1
"482","K10158",0.26887303254335,1,1,1
"534","K10735",0.269108775196195,1,1,1
"381","K08524",0.26917943234396,1,1,1
"380","K08517",0.269379461922226,1,1,1
"439","K09326",0.269438247334818,1,1,1
"477","K09855",0.269626216793669,1,1,1
"337","K07424",0.269661436570176,1,1,1
"1223","K22538",0.269673174771222,1,1,1
"669","K12586",0.269896036179538,1,1,1
"478","K09866",0.270387558052063,1,1,1
"1007","K17607",0.270481004687707,1,1,1
"646","K12198",0.270772657091111,1,1,1
"1257","K23293",0.270784311520074,1,1,1
"392","K08762",0.270959019600535,1,1,1
"129","K02728",0.271098639181358,1,1,1
"89","K01669",0.271133523586068,1,1,1
"271","K05751",0.271342657062104,1,1,1
"587","K11339",0.271389090757378,1,1,1
"571","K11135",0.271458713635812,1,1,1
"64","K01253",0.271470314216201,1,1,1
"870","K15290",0.271539898266531,1,1,1
"839","K14851",0.271644211737568,1,1,1
"83","K01514",0.271829471589438,1,1,1
"453","K09490",0.271829471589438,1,1,1
"445","K09402",0.27188731617513,1,1,1
"1067","K18739",0.272037602106534,1,1,1
"815","K14780",0.272406855060751,1,1,1
"464","K09568",0.272510531461615,1,1,1
"46","K00995",0.272671651114272,1,1,1
"400","K08805",0.273027740660651,1,1,1
"1304","K23912",0.273108018278033,1,1,1
"1311","K24051",0.273199705251127,1,1,1
"247","K05125",0.27321116169761,1,1,1
"171","K03691",0.273611514148895,1,1,1
"1073","K19196",0.27388533561958,1,1,1
"807","K14683",0.273908127943065,1,1,1
"846","K14998",0.273919522591806,1,1,1
"1014","K17794",0.274067561047972,1,1,1
"1005","K17597",0.274317696709728,1,1,1
"734","K13155",0.274419882471442,1,1,1
"116","K02333",0.274612672935862,1,1,1
"519","K10573",0.274612672935862,1,1,1
"980","K17413",0.274646663842466,1,1,1
"1167","K20656",0.274646663842466,1,1,1
"152","K03245",0.274714617717749,1,1,1
"324","K06978",0.274861722968383,1,1,1
"189","K04392",0.274952161819989,1,1,1
"417","K08892",0.275132838693971,1,1,1
"1052","K18490",0.275144122079995,1,1,1
"148","K03237",0.275414606962698,1,1,1
"891","K15523",0.275594591033344,1,1,1
"819","K14795",0.275673248244966,1,1,1
"742","K13173",0.275695712110033,1,1,1
"377","K08495",0.275740626987746,1,1,1
"293","K06210",0.27594253125581,1,1,1
"16","K00306",0.276546136704602,1,1,1
"756","K13516",0.276601864728719,1,1,1
"382","K08548",0.276613007028086,1,1,1
"232","K04889",0.2768245007568,1,1,1
"851","K15050",0.277091077584004,1,1,1
"378","K08497",0.277179793506073,1,1,1
"921","K16466",0.27719087794905,1,1,1
"1247","K23029",0.277467623072413,1,1,1
"507","K10410",0.277500785037736,1,1,1
"1224","K22564",0.277578123257485,1,1,1
"237","K04996",0.277831841760802,1,1,1
"109","K02222",0.277996984218444,1,1,1
"54","K01135",0.278040978517386,1,1,1
"712","K12893",0.278150883522467,1,1,1
"903","K15717",0.278183832488831,1,1,1
"86","K01540",0.278414182928425,1,1,1
"1258","K23296",0.278490852335942,1,1,1
"878","K15414",0.278665881479687,1,1,1
"970","K17262",0.278687739011135,1,1,1
"804","K14613",0.278698666013944,1,1,1
"744","K13187",0.278993249371687,1,1,1
"1278","K23542",0.279189158335591,1,1,1
"163","K03469",0.279210902177078,1,1,1
"1285","K23643",0.279243508984295,1,1,1
"1368","K24889",0.279254375530525,1,1,1
"1062","K18710",0.279297829757391,1,1,1
"1144","K20300",0.279352120606889,1,1,1
"1196","K21771",0.279428077433289,1,1,1
"146","K03217",0.279514813134498,1,1,1
"958","K16806",0.279666414983315,1,1,1
"114","K02328",0.279806975800419,1,1,1
"1234","K22816",0.279914959830466,1,1,1
"769","K14003",0.280238179124355,1,1,1
"592","K11428",0.280270440326866,1,1,1
"802","K14590",0.280270440326866,1,1,1
"597","K11481",0.280560291199943,1,1,1
"626","K11859",0.28075302269358,1,1,1
"347","K07897",0.28077441237354,1,1,1
"208","K04552",0.280785105339789,1,1,1
"816","K14784",0.280817176738689,1,1,1
"857","K15177",0.280956022581544,1,1,1
"1136","K20198",0.280998701721384,1,1,1
"953","K16790",0.28129689106187,1,1,1
"830","K14826",0.281392526921473,1,1,1
"1060","K18668",0.281413765359326,1,1,1
"1173","K20795",0.281456226966371,1,1,1
"727","K13121",0.281625869366629,1,1,1
"684","K12818",0.281689400888143,1,1,1
"484","K10264",0.281699984990243,1,1,1
"588","K11344",0.28178461160943,1,1,1
"904","K15734",0.282269612219771,1,1,1
"697","K12849",0.282458646667277,1,1,1
"26","K00572",0.282500596775544,1,1,1
"1065","K18732",0.28265772264427,1,1,1
"763","K13758",0.282730946731858,1,1,1
"779","K14292",0.282783210075125,1,1,1
"922","K16469",0.283148125889967,1,1,1
"145","K03143",0.283283250532168,1,1,1
"652","K12351",0.283718255803607,1,1,1
"1388","K25426",0.284140598068538,1,1,1
"924","K16513",0.284181679250616,1,1,1
"877","K15382",0.284407232675597,1,1,1
"862","K15187",0.28441746925969,1,1,1
"1195","K21754",0.284540200461782,1,1,1
"1039","K18189",0.284570852119232,1,1,1
"1208","K22137",0.284570852119232,1,1,1
"294","K06215",0.284642324112317,1,1,1
"670","K12592",0.284642324112317,1,1,1
"394","K08791",0.284764689111412,1,1,1
"674","K12614",0.284805432884538,1,1,1
"177","K04135",0.285018970951738,1,1,1
"1210","K22198",0.285018970951738,1,1,1
"813","K14769",0.285059574833049,1,1,1
"328","K07252",0.285171119576804,1,1,1
"489","K10291",0.285191382144095,1,1,1
"579","K11290",0.285211639074575,1,1,1
"900","K15685",0.285221765425104,1,1,1
"496","K10365",0.28526225672028,1,1,1
"1333","K24437",0.285282493898511,1,1,1
"1332","K24420",0.285312839070775,1,1,1
"920","K16465",0.285322951301349,1,1,1
"645","K12197",0.285333062117918,1,1,1
"483","K10260",0.285383594976741,1,1,1
"12","K00235",0.285565219762716,1,1,1
"912","K16197",0.286027272217505,1,1,1
"1186","K21347",0.286057300615581,1,1,1
"1218","K22420",0.286117318487869,1,1,1
"1372","K24940",0.286217232756703,1,1,1
"649","K12272",0.286456435835351,1,1,1
"1029","K17928",0.286456435835351,1,1,1
"1009","K17662",0.286704713758443,1,1,1
"332","K07298",0.286952075804017,1,1,1
"611","K11666",0.286971825028114,1,1,1
"289","K06129",0.287453830228811,1,1,1
"703","K12865",0.287483224695844,1,1,1
"1139","K20232",0.287493019862655,1,1,1
"775","K14025",0.287502813534388,1,1,1
"18","K00413",0.287561544148313,1,1,1
"1324","K24272",0.287561544148313,1,1,1
"746","K13199",0.287629995049833,1,1,1
"834","K14840",0.287825163561038,1,1,1
"1076","K19329",0.287864124992276,1,1,1
"1275","K23507",0.287903062277981,1,1,1
"188","K04378",0.288029441416001,1,1,1
"1206","K22070",0.288048861649989,1,1,1
"661","K12486",0.288077980629286,1,1,1
"776","K14152",0.288291101932981,1,1,1
"1020","K17894",0.28850348497459,1,1,1
"446","K09407",0.28854202044889,1,1,1
"344","K07763",0.288561278977969,1,1,1
"747","K13249",0.288561278977969,1,1,1
"11","K00232",0.288609398420283,1,1,1
"1378","K25004",0.288638251638593,1,1,1
"338","K07440",0.288657479425101,1,1,1
"196","K04434",0.288667091009509,1,1,1
"762","K13752",0.288695916523013,1,1,1
"223","K04671",0.288743928224391,1,1,1
"905","K15789",0.288839835881925,1,1,1
"487","K10278",0.288897306275913,1,1,1
"831","K14830",0.288964284604513,1,1,1
"1305","K23915",0.289012079741577,1,1,1
"852","K15128",0.289183820442584,1,1,1
"911","K16174",0.289212394823936,1,1,1
"928","K16575",0.289402531264183,1,1,1
"202","K04464",0.289430997705035,1,1,1
"1109","K19862",0.289430997705035,1,1,1
"420","K09022",0.289468930989959,1,1,1
"1058","K18646",0.289677114235262,1,1,1
"1154","K20371",0.289893943327446,1,1,1
"1391","K25458",0.289922163580903,1,1,1
"180","K04345",0.290138043251064,1,1,1
"460","K09524",0.290343746571393,1,1,1
"497","K10370",0.290381063844939,1,1,1
"1207","K22078",0.290409034936676,1,1,1
"70","K01301",0.290530075718783,1,1,1
"1174","K20804",0.290548673217399,1,1,1
"505","K10402",0.290650844069632,1,1,1
"1291","K23741",0.29082685993754,1,1,1
"331","K07297",0.290863841302616,1,1,1
"1369","K24927",0.291094384778075,1,1,1
"1162","K20526",0.291158754153195,1,1,1
"693","K12839",0.291314745608061,1,1,1
"1022","K17908",0.291360535158711,1,1,1
"1260","K23308",0.291360535158711,1,1,1
"341","K07560",0.291442852690294,1,1,1
"774","K14016",0.291525036718753,1,1,1
"1303","K23909",0.291561520031236,1,1,1
"173","K03848",0.291734454202294,1,1,1
"963","K16938",0.291770785126719,1,1,1
"582","K11304",0.291924894729349,1,1,1
"1331","K24399",0.292042418180033,1,1,1
"532","K10656",0.292132628568539,1,1,1
"796","K14564",0.292150650547327,1,1,1
"1176","K20825",0.292168665819652,1,1,1
"773","K14009",0.292240659786414,1,1,1
"1108","K19832",0.292294584701183,1,1,1
"529","K10640",0.292375358484595,1,1,1
"883","K15442",0.292384324925716,1,1,1
"339","K07478",0.292402252749423,1,1,1
"149","K03238",0.292429131833102,1,1,1
"1011","K17698",0.292777173965949,1,1,1
"817","K14790",0.292803839482268,1,1,1
"840","K14852",0.292830489670202,1,1,1
"375","K08489",0.293025455081126,1,1,1
"800","K14573",0.293060814414664,1,1,1
"77","K01409",0.293087315922329,1,1,1
"642","K12193",0.293113801997007,1,1,1
"1220","K22525",0.293788298810096,1,1,1
"139","K03083",0.29386646443189,1,1,1
"56","K01166",0.29389248820525,1,1,1
"1330","K24350",0.293996425868096,1,1,1
"1318","K24141",0.294082847840025,1,1,1
"402","K08816",0.294341058642322,1,1,1
"1133","K20189",0.29445245669552,1,1,1
"1373","K24962",0.29450377024441,1,1,1
"942","K16739",0.294563555336103,1,1,1
"623","K11842",0.294767871219714,1,1,1
"841","K14859",0.294827269896447,1,1,1
"732","K13151",0.294835748274279,1,1,1
"537","K10750",0.294979606846542,1,1,1
"936","K16686",0.29515659846111,1,1,1
"940","K16729",0.295198622338037,1,1,1
"471","K09654",0.295207021704392,1,1,1
"1018","K17886",0.295466508519878,1,1,1
"1191","K21440",0.295466508519878,1,1,1
"1219","K22470",0.295474850275495,1,1,1
"514","K10434",0.295691105844136,1,1,1
"1375","K24982",0.296185541554892,1,1,1
"869","K15264",0.296193727771507,1,1,1
"349","K07902",0.296291823701659,1,1,1
"254","K05609",0.296357078880842,1,1,1
"1389","K25440",0.296381520289765,1,1,1
"1092","K19573",0.296462876389584,1,1,1
"44","K00963",0.296544055321128,1,1,1
"827","K14823",0.296592677725966,1,1,1
"1353","K24761",0.296689731598909,1,1,1
"134","K03011",0.296722026364877,1,1,1
"1280","K23552",0.296722026364877,1,1,1
"480","K10088",0.296802639757466,1,1,1
"848","K15042",0.296802639757466,1,1,1
"1289","K23718",0.296802639757466,1,1,1
"884","K15443",0.296923229359373,1,1,1
"1357","K24778",0.296931254579809,1,1,1
"844","K14963",0.297123332459471,1,1,1
"824","K14808",0.297131313751479,1,1,1
"195","K04433",0.297274677197697,1,1,1
"1075","K19306",0.297496559978538,1,1,1
"987","K17499",0.297873750168281,1,1,1
"367","K08111",0.29788937951438,1,1,1
"1180","K20876",0.297920617392162,1,1,1
"1053","K18497",0.297936225927031,1,1,1
"296","K06226",0.297951827528147,1,1,1
"162","K03424",0.297959625729053,1,1,1
"281","K06013",0.29809969722873,1,1,1
"1393","K25481",0.298107462540752,1,1,1
"780","K14298",0.298154018112191,1,1,1
"1188","K21410",0.298254675202213,1,1,1
"1268","K23344",0.298485848871642,1,1,1
"41","K00876",0.298715475481152,1,1,1
"369","K08272",0.298753596559608,1,1,1
"1225","K22583",0.298920821228114,1,1,1
"1277","K23540",0.2989284026982,1,1,1
"1360","K24824",0.299147523525386,1,1,1
"832","K14832",0.299177634689336,1,1,1
"7","K00102",0.299372694630153,1,1,1
"1266","K23334",0.299477252002699,1,1,1
"664","K12504",0.299536850100757,1,1,1
"516","K10484",0.299574043952759,1,1,1
"1006","K17606",0.299611195558518,1,1,1
"323","K06961",0.299744591928036,1,1,1
"1094","K19603",0.299847967106792,1,1,1
"63","K01242",0.29989216977677,1,1,1
"849","K15044",0.300301815186082,1,1,1
"1025","K17919",0.300446846052001,1,1,1
"355","K07995",0.300497449328321,1,1,1
"628","K11866",0.300555181766127,1,1,1
"8","K00111",0.300670327425716,1,1,1
"679","K12735",0.300691869904108,1,1,1
"440","K09339",0.300699047411293,1,1,1
"833","K14838",0.300856533154798,1,1,1
"1386","K25395",0.300856533154798,1,1,1
"430","K09258",0.300899344720461,1,1,1
"710","K12886",0.300906474192649,1,1,1
"595","K11471",0.300927852689377,1,1,1
"865","K15193",0.301034522148544,1,1,1
"1274","K23501",0.301048716680847,1,1,1
"308","K06537",0.301091260696883,1,1,1
"10","K00166",0.301133745374502,1,1,1
"306","K06272",0.301140820388094,1,1,1
"999","K17577",0.30115496547474,1,1,1
"1013","K17776",0.30115496547474,1,1,1
"128","K02606",0.301289015540263,1,1,1
"69","K01285",0.301296054367271,1,1,1
"53","K01128",0.301352305866906,1,1,1
"2","K00016",0.301499466624346,1,1,1
"1342","K24633",0.301541379887347,1,1,1
"858","K15179",0.301736197196505,1,1,1
"859","K15182",0.301805464838502,1,1,1
"1192","K21456",0.301915954463181,1,1,1
"71","K01324",0.301964162801005,1,1,1
"757","K13619",0.301984799156304,1,1,1
"357","K08036",0.301998548610094,1,1,1
"1379","K25065",0.30212200177206,1,1,1
"17","K00318",0.302401243867261,1,1,1
"651","K12319",0.302495973777644,1,1,1
"9","K00162",0.302516232005278,1,1,1
"632","K11995",0.302529729449623,1,1,1
"918","K16365",0.302536475760206,1,1,1
"228","K04798",0.302549963558985,1,1,1
"627","K11863",0.302563444929372,1,1,1
"95","K01875",0.302664350456441,1,1,1
"21","K00472",0.302751509993346,1,1,1
"136","K03026",0.302751509993346,1,1,1
"1346","K24687",0.302871745750877,1,1,1
"407","K08836",0.302931669420689,1,1,1
"1057","K18624",0.302991463804928,1,1,1
"641","K12183",0.303017997624438,1,1,1
"984","K17458",0.303057750549029,1,1,1
"61","K01206",0.303143685271544,1,1,1
"735","K13156",0.303301628355792,1,1,1
"521","K10587",0.303308189482196,1,1,1
"185","K04371",0.303386799409479,1,1,1
"170","K03680",0.303432549917591,1,1,1
"692","K12838",0.303452133551262,1,1,1
"52","K01127",0.303504287025676,1,1,1
"474","K09666",0.303523818512549,1,1,1
"198","K04443",0.303776436623387,1,1,1
"1056","K18622",0.303795769641372,1,1,1
"1059","K18667",0.304185815183516,1,1,1
"570","K11131",0.30420484770763,1,1,1
"35","K00736",0.304268188166551,1,1,1
"583","K11308",0.304343991232215,1,1,1
"132","K02988",0.30440698943789,1,1,1
"560","K10905",0.304457276200702,1,1,1
"1074","K19197",0.304482382348138,1,1,1
"102","K01937",0.304538780499154,1,1,1
"603","K11515",0.304538780499154,1,1,1
"559","K10899",0.304551296380861,1,1,1
"577","K11276",0.304651200600544,1,1,1
"1149","K20349",0.304763120015871,1,1,1
"706","K12870",0.304806509252592,1,1,1
"312","K06631",0.304886889030611,1,1,1
"6","K00088",0.304979311934552,1,1,1
"606","K11548",0.305034599815448,1,1,1
"279","K05948",0.305205812715912,1,1,1
"561","K10951",0.305266669559872,1,1,1
"1286","K23688",0.305303110377787,1,1,1
"468","K09580",0.305381877140852,1,1,1
"584","K11314",0.30558066848451,1,1,1
"783","K14328",0.305765906965838,1,1,1
"750","K13356",0.305860945378519,1,1,1
"864","K15191",0.305890565666421,1,1,1
"183","K04364",0.305914234764742,1,1,1
"137","K03065",0.305967402121735,1,1,1
"1130","K20173",0.306126173364791,1,1,1
"725","K13119",0.306167157646964,1,1,1
"1129","K20168",0.306312931087589,1,1,1
"92","K01772",0.30645199508718,1,1,1
"1281","K23588",0.306561478801135,1,1,1
"808","K14692",0.306584459601489,1,1,1
"465","K09571",0.306618886244848,1,1,1
"838","K14849",0.306738958967655,1,1,1
"1085","K19476",0.306778838043783,1,1,1
"1226","K22610",0.306795906885706,1,1,1
"823","K14807",0.30681864464212,1,1,1
"1027","K17921",0.306841358752778,1,1,1
"1267","K23341",0.306852706944564,1,1,1
"268","K05728",0.306892379107433,1,1,1
"860","K15183",0.306926326272073,1,1,1
"190","K04412",0.306943279947663,1,1,1
"426","K09106",0.307106482346859,1,1,1
"1101","K19684",0.307274012789748,1,1,1
"1302","K23908",0.307274012789748,1,1,1
"192","K04418",0.307362823622576,1,1,1
"964","K16942",0.307407088812623,1,1,1
"575","K11268",0.307423664184365,1,1,1
"880","K15425",0.307517343538262,1,1,1
"1084","K19475",0.307708889608688,1,1,1
"925","K16526",0.307736108271161,1,1,1
"602","K11514",0.307774153591378,1,1,1
"1017","K17809",0.307844621168584,1,1,1
"728","K13131",0.307882464121967,1,1,1
"960","K16811",0.308081317985598,1,1,1
"1178","K20827",0.308081317985598,1,1,1
"350","K07922",0.308086665081847,1,1,1
"863","K15188",0.308172023418905,1,1,1
"755","K13513",0.308235801329326,1,1,1
"836","K14843",0.308246410935969,1,1,1
"345","K07809",0.3084416578157,1,1,1
"660","K12481",0.308556825655414,1,1,1
"1115","K20027",0.308588115681554,1,1,1
"442","K09355",0.308608947312079,1,1,1
"127","K02605",0.308655735515111,1,1,1
"702","K12864",0.308681679361098,1,1,1
"673","K12603",0.308692046986146,1,1,1
"873","K15309",0.308805717439085,1,1,1
"1354","K24764",0.308846882639492,1,1,1
"1236","K22827",0.308903337428989,1,1,1
"1264","K23325",0.308908461228746,1,1,1
"1179","K20828",0.309031010370703,1,1,1
"1104","K19752",0.309056439574416,1,1,1
"1107","K19788",0.309097053350402,1,1,1
"733","K13154",0.309152750838795,1,1,1
"1153","K20367",0.309532955086014,1,1,1
"590","K11418",0.309537904231424,1,1,1
"562","K10980",0.309567570001406,1,1,1
"797","K14565",0.309592253385382,1,1,1
"1235","K22823",0.309695545969224,1,1,1
"565","K11090",0.309724946244032,1,1,1
"1079","K19366",0.30975918380217,1,1,1
"1221","K22530",0.309876057384946,1,1,1
"415","K08883",0.309900306350964,1,1,1
"810","K14720",0.309919680806049,1,1,1
"1164","K20638",0.310083478200723,1,1,1
"246","K05124",0.310363969812071,1,1,1
"207","K04536",0.310373395070034,1,1,1
"144","K03142",0.310453290925986,1,1,1
"1193","K21594",0.310490753629512,1,1,1
"4","K00031",0.310574728583631,1,1,1
"456","K09503",0.310621192490232,1,1,1
"457","K09504",0.310681394262231,1,1,1
"346","K07880",0.310869774861625,1,1,1
"589","K11363",0.31087890655548,1,1,1
"343","K07752",0.310888032901231,1,1,1
"165","K03509",0.310906269553884,1,1,1
"142","K03106",0.310919933014772,1,1,1
"867","K15259",0.310933584456366,1,1,1
"1083","K19466",0.311001661537175,1,1,1
"513","K10426",0.311100965806519,1,1,1
"973","K17336",0.311181736376324,1,1,1
"531","K10646",0.31119515635748,1,1,1
"1112","K19942",0.311199627034332,1,1,1
"1374","K24978",0.311226423280113,1,1,1
"902","K15691",0.311230884686772,1,1,1
"794","K14549",0.311266528304449,1,1,1
"898","K15633",0.311297647048927,1,1,1
"479","K10080",0.311310963834537,1,1,1
"639","K12166",0.31132426873538,1,1,1
"837","K14844",0.311359690402543,1,1,1
"1328","K24335",0.311364112175192,1,1,1
"125","K02603",0.311390615129188,1,1,1
"425","K09097",0.31143908072295,1,1,1
"1363","K24838",0.311535534585633,1,1,1
"1182","K20899",0.311635693881113,1,1,1
"546","K10803",0.311795368829809,1,1,1
"717","K13092",0.311868135045336,1,1,1
"580","K11291",0.311910763323554,1,1,1
"463","K09560",0.311970225054838,1,1,1
"277","K05869",0.311995630949262,1,1,1
"101","K01930",0.312004089230089,1,1,1
"399","K08802",0.312037870636089,1,1,1
"1383","K25166",0.312151272959165,1,1,1
"213","K04567",0.31231755234245,1,1,1
"366","K08110",0.31231755234245,1,1,1
"226","K04688",0.312354682449949,1,1,1
"292","K06184",0.312379378289302,1,1,1
"1118","K20044",0.312387600009536,1,1,1
"348","K07901",0.312391708952949,1,1,1
"805","K14638",0.312408131952927,1,1,1
"614","K11703",0.312583391130908,1,1,1
"962","K16914",0.312643975076811,1,1,1
"650","K12305",0.312652031382838,1,1,1
"1265","K23333",0.312712292255361,1,1,1
"225","K04682",0.312784229864091,1,1,1
"1051","K18470",0.31278821440698,1,1,1
"752","K13431",0.312816070906235,1,1,1
"856","K15174",0.312827990503848,1,1,1
"1095","K19607",0.312855758826773,1,1,1
"887","K15447",0.31293081936913,1,1,1
"159","K03267",0.312950496792926,1,1,1
"150","K03240",0.312954428514332,1,1,1
"371","K08334",0.313118430458229,1,1,1
"685","K12819",0.313137807728979,1,1,1
"847","K15026",0.313199605733241,1,1,1
"459","K09512",0.313203457531224,1,1,1
"1294","K23796",0.313230385311522,1,1,1
"552","K10862",0.313439847272093,1,1,1
"957","K16804",0.31346623791064,1,1,1
"1271","K23404",0.313615885259297,1,1,1
"158","K03258",0.313638163010484,1,1,1
"599","K11497",0.313641871682957,1,1,1
"998","K17575",0.313678891106639,1,1,1
"1019","K17890",0.313748891350098,1,1,1
"401","K08813",0.313822100287511,1,1,1
"452","K09487",0.313836683661787,1,1,1
"449","K09454",0.313865792081512,1,1,1
"285","K06085",0.31393822337121,1,1,1
"318","K06711",0.31408163431295,1,1,1
"1099","K19677",0.314124281400208,1,1,1
"74","K01349",0.314127827505585,1,1,1
"176","K04043",0.314134916110282,1,1,1
"971","K17264",0.314134916110282,1,1,1
"1251","K23167",0.314247680919015,1,1,1
"1255","K23285",0.31432101662836,1,1,1
"82","K01490",0.314544680139695,1,1,1
"1122","K20071",0.314598967803996,1,1,1
"910","K16172",0.314612492499266,1,1,1
"75","K01363",0.31469324481792,1,1,1
"624","K11844",0.31471666995588,1,1,1
"538","K10752",0.314766673012092,1,1,1
"1347","K24688",0.314803174329902,1,1,1
"275","K05855",0.314898727065809,1,1,1
"1126","K20126",0.314944504986665,1,1,1
"1055","K18592",0.314947766110436,1,1,1
"3","K00021",0.315003027434369,1,1,1
"1390","K25451",0.315022451344729,1,1,1
"1030","K17930",0.315025684605326,1,1,1
"916","K16343",0.315028916706938,1,1,1
"143","K03138",0.315122144238443,1,1,1
"153","K03251",0.315169984273139,1,1,1
"255","K05628",0.315211236010808,1,1,1
"5","K00079",0.315236525107685,1,1,1
"566","K11093",0.315280604256478,1,1,1
"342","K07739",0.315286882938419,1,1,1
"716","K13044",0.31529002056193,1,1,1
"818","K14791",0.315293157040736,1,1,1
"1283","K23617",0.315340067011244,1,1,1
"1240","K22888",0.31534630225797,1,1,1
"680","K12737",0.315380514599772,1,1,1
"168","K03555",0.315476191102119,1,1,1
"1135","K20194",0.315561673756359,1,1,1
"1001","K17580",0.315652283325941,1,1,1
"1349","K24734",0.315694222821002,1,1,1
"15","K00280",0.315756722187273,1,1,1
"1352","K24760",0.315774489050254,1,1,1
"448","K09428",0.315812846905743,1,1,1
"1325","K24273",0.315978829039191,1,1,1
"694","K12841",0.316036223391525,1,1,1
"396","K08797",0.316050503763523,1,1,1
"1351","K24744",0.316050503763523,1,1,1
"231","K04874",0.31605620828578,1,1,1
"806","K14662",0.3161158431433,1,1,1
"739","K13165",0.316177804916037,1,1,1
"222","K04661",0.316186213714712,1,1,1
"1100","K19680",0.316197410342923,1,1,1
"913","K16311",0.316385125332628,1,1,1
"724","K13110",0.316396013609581,1,1,1
"370","K08283",0.316490562431114,1,1,1
"419","K08955",0.316493244793779,1,1,1
"1298","K23858",0.316544009540216,1,1,1
"395","K08793",0.316709629233084,1,1,1
"616","K11723",0.316787045791142,1,1,1
"1127","K20131",0.316794736337115,1,1,1
"955","K16798",0.316888826045852,1,1,1
"1140","K20281",0.316888826045852,1,1,1
"404","K08825",0.317016226127679,1,1,1
"309","K06569",0.317045819376884,1,1,1
"1050","K18468",0.317165155197006,1,1,1
"120","K02366",0.31717719716321,1,1,1
"731","K13150",0.317184410377631,1,1,1
"1081","K19403",0.317256050289062,1,1,1
"678","K12666",0.317289176999521,1,1,1
"667","K12572",0.31729625039334,1,1,1
"764","K13761",0.317333825382991,1,1,1
"1116","K20032",0.317394348469481,1,1,1
"334","K07369",0.31748617211237,1,1,1
"1290","K23729",0.317623223221503,1,1,1
"455","K09502",0.317649763897777,1,1,1
"1381","K25100",0.317803999496201,1,1,1
"770","K14004",0.317831725271148,1,1,1
"485","K10268",0.317833851468326,1,1,1
"291","K06174",0.317880391541112,1,1,1
"1364","K24841",0.317941051944375,1,1,1
"1300","K23881",0.318037714643736,1,1,1
"242","K05093",0.31808428002991,1,1,1
"1217","K22415",0.318118388455376,1,1,1
"908","K15980",0.318130364142289,1,1,1
"36","K00738",0.318271544342685,1,1,1
"1166","K20649",0.318275399808057,1,1,1
"433","K09272",0.3183118495398,1,1,1
"504","K10401",0.318323293510749,1,1,1
"509","K10417",0.318370634648372,1,1,1
"236","K04994",0.31837627860843,1,1,1
"1147","K20317",0.318435990179977,1,1,1
"416","K08886",0.318445239323914,1,1,1
"229","K04799",0.318456309573807,1,1,1
"1276","K23518",0.318476523794336,1,1,1
"786","K14402",0.318503919650735,1,1,1
"359","K08054",0.318549147885658,1,1,1
"13","K00249",0.318552742921285,1,1,1
"721","K13101",0.318565298526908,1,1,1
"388","K08675",0.318576027063381,1,1,1
"118","K02353",0.318586724806489,1,1,1
"25","K00565",0.318595616102356,1,1,1
"197","K04440",0.318599166647721,1,1,1
"405","K08826",0.318609797826965,1,1,1
"390","K08730",0.318620398355984,1,1,1
"1222","K22531",0.318646765880425,1,1,1
"393","K08790",0.31869201854608,1,1,1
"1309","K24047",0.31869201854608,1,1,1
"200","K04456",0.318697203329651,1,1,1
"790","K14459",0.318717866835934,1,1,1
"307","K06491",0.318762224062555,1,1,1
"569","K11126",0.318762224062555,1,1,1
"1012","K17700",0.318777447103111,1,1,1
"718","K13095",0.31879596163341,1,1,1
"333","K07359",0.318809363739687,1,1,1
"822","K14805",0.318845946891427,1,1,1
"414","K08876",0.318852555534964,1,1,1
"212","K04560",0.318860797851936,1,1,1
"828","K14824",0.31886901965162,1,1,1
"500","K10393",0.318924385798361,1,1,1
"648","K12233",0.319078743638071,1,1,1
"1340","K24610",0.319103217273012,1,1,1
"290","K06158",0.319150061022232,1,1,1
"700","K12860",0.319150061022232,1,1,1
"28","K00665",0.319154554286631,1,1,1
"638","K12163",0.319231324430786,1,1,1
"550","K10839",0.319267489273855,1,1,1
"1068","K18740",0.319278960781445,1,1,1
"29","K00671",0.319310255575695,1,1,1
"117","K02349",0.319374504729696,1,1,1
"210","K04556",0.319397846247858,1,1,1
"1156","K20410",0.319416906627721,1,1,1
"653","K12353",0.319422325654088,1,1,1
"558","K10896",0.319427732795177,1,1,1
"722","K13103",0.3194465643836,1,1,1
"778","K14290",0.319534691325829,1,1,1
"1045","K18411",0.319547563863218,1,1,1
"329","K07277",0.319551411512643,1,1,1
"993","K17554",0.319600841190864,1,1,1
"126","K02604",0.319619562551616,1,1,1
"985","K17461",0.319624527851144,1,1,1
"155","K03253",0.319627006236353,1,1,1
"681","K12804",0.319640586620033,1,1,1
"897","K15627",0.31967718945448,1,1,1
"1299","K23879",0.319679607125914,1,1,1
"437","K09313",0.319711971788925,1,1,1
"317","K06704",0.31972382976687,1,1,1
"1315","K24091",0.319727373623424,1,1,1
"1344","K24683",0.319763629224533,1,1,1
"1034","K17987",0.319796948191767,1,1,1
"1348","K24721",0.319813957176111,1,1,1
"361","K08065",0.319838628072355,1,1,1
"443","K09371",0.319845299862665,1,1,1
"578","K11279",0.319868460934279,1,1,1
"1296","K23820",0.319872839129178,1,1,1
"1163","K20630",0.319892409175635,1,1,1
"161","K03349",0.319907481733455,1,1,1
"644","K12196",0.319908553386616,1,1,1
"992","K17552",0.319914969452764,1,1,1
"1138","K20225",0.319929848124253,1,1,1
"1","K00008",0.319934075536811,1,1,1
"106","K02154",0.319938292468354,1,1,1
"888","K15449",0.319949835094689,1,1,1
"1200","K21882",0.319960259925869,1,1,1
"454","K09495",0.319990125134973,1,1,1
"512","K10424",0.320000297653168,1,1,1
"1172","K20792",0.32000939802867,1,1,1
"1242","K22909",0.320059991885511,1,1,1
"974","K17339",0.320085152862656,1,1,1
"1292","K23781",0.320121168441994,1,1,1
"1310","K24049",0.32012584081584,1,1,1
"554","K10876",0.320134212329628,1,1,1
"536","K10747",0.320135139426833,1,1,1
"1246","K23026",0.320163576183643,1,1,1
"100","K01921",0.320177126076499,1,1,1
"43","K00910",0.320201173858306,1,1,1
"1161","K20520",0.320216963065715,1,1,1
"689","K12825",0.320264857912005,1,1,1
"1040","K18245",0.320292222652518,1,1,1
"501","K10394",0.320293042047043,1,1,1
"593","K11436",0.320324550823336,1,1,1
"568","K11125",0.320339587269542,1,1,1
"1380","K25093",0.32036598680586,1,1,1
"1125","K20121",0.320369050095996,1,1,1
"707","K12875",0.320374389422846,1,1,1
"647","K12230",0.320378186561014,1,1,1
"1231","K22803",0.320390993310112,1,1,1
"695","K12842",0.320413937606029,1,1,1
"730","K13144",0.320436358527586,1,1,1
"248","K05126",0.320497874806281,1,1,1
"886","K15446",0.320498542324112,1,1,1
"105","K02144",0.320509810739489,1,1,1
"740","K13171",0.32054019083732,1,1,1
"1015","K17800",0.320560233106764,1,1,1
"1376","K24983",0.320588147810159,1,1,1
"1137","K20222",0.320590525784045,1,1,1
"990","K17542",0.320594668371393,1,1,1
"1043","K18404",0.320599959368956,1,1,1
"427","K09191",0.320609845967808,1,1,1
"1194","K21596",0.320611576126844,1,1,1
"890","K15516",0.320616168650064,1,1,1
"1121","K20053",0.320632000583744,1,1,1
"551","K10846",0.320643080550228,1,1,1
"1028","K17923",0.320659347340975,1,1,1
"336","K07380",0.320664145440222,1,1,1
"239","K05012",0.320666794814304,1,1,1
"1096","K19626",0.320677276910052,1,1,1
"240","K05034",0.3206824490731,1,1,1
"801","K14589",0.320704666972738,1,1,1
"243","K05094",0.320720280186421,1,1,1
"1169","K20685",0.320723635136391,1,1,1
"1082","K19413",0.320734974690488,1,1,1
"410","K08857",0.320748342763486,1,1,1
"91","K01681",0.320751966817129,1,1,1
"1046","K18412",0.320753318781233,1,1,1
"186","K04373",0.320761350113184,1,1,1
"850","K15047",0.32076223400098,1,1,1
"723","K13109",0.320771413066998,1,1,1
"191","K04416",0.320781254700764,1,1,1
"1316","K24123",0.320786720396861,1,1,1
"87","K01555",0.320787555095923,1,1,1
"793","K14538",0.320789219567666,1,1,1
"798","K14569",0.320790877481634,1,1,1
"97","K01895",0.320796220569573,1,1,1
"687","K12822",0.320807098800848,1,1,1
"1293","K23782",0.320810659728856,1,1,1
"688","K12824",0.320825718743105,1,1,1
"257","K05635",0.320831351574858,1,1,1
"59","K01192",0.320837263678962,1,1,1
"1356","K24774",0.320842355906578,1,1,1
"785","K14383",0.320874634492608,1,1,1
"991","K17543",0.320897480263922,1,1,1
"1002","K17589",0.320900166758756,1,1,1
"709","K12882",0.320901942155853,1,1,1
"965","K16944",0.320902236845854,1,1,1
"383","K08596",0.320902825190916,1,1,1
"696","K12847",0.320908058457353,1,1,1
"625","K11855",0.320911202101692,1,1,1
"835","K14841",0.320916257953273,1,1,1
"450","K09485",0.320922560358371,1,1,1
"803","K14607",0.32092283039263,1,1,1
"517","K10532",0.320934643182431,1,1,1
"1287","K23704",0.320942646641889,1,1,1
"1090","K19521",0.320943136090076,1,1,1
"151","K03242",0.320945564506545,1,1,1
"278","K05925",0.320954738837766,1,1,1
"976","K17387",0.320964965726098,1,1,1
"80","K01464",0.32096900654889,1,1,1
"795","K14555",0.320972737696928,1,1,1
"535","K10736",0.320975575221884,1,1,1
"668","K12580",0.320983187204927,1,1,1
"633","K11996",0.320991625086743,1,1,1
"621","K11839",0.321000646264906,1,1,1
"811","K14735",0.321003226479036,1,1,1
"637","K12047",0.321004019441867,1,1,1
"330","K07293",0.321006360539736,1,1,1
"997","K17573",0.321008945934953,1,1,1
"1350","K24736",0.321012762813028,1,1,1
"251","K05193",0.32101304962885,1,1,1
"103","K01958",0.321017237338278,1,1,1
"761","K13718",0.321019648343762,1,1,1
"115","K02330",0.321020304746912,1,1,1
"1103","K19720",0.321021856725429,1,1,1
"1362","K24837",0.321023750700849,1,1,1
"772","K14007",0.321027505744328,1,1,1
"820","K14799",0.321027857918534,1,1,1
"691","K12835",0.321032801150486,1,1,1
"389","K08678",0.321033337010838,1,1,1
"1032","K17936",0.321034706027115,1,1,1
"720","K13100",0.321036141634144,1,1,1
"154","K03252",0.321037831671765,1,1,1
"601","K11502",0.321041403277312,1,1,1
"814","K14776",0.321041763000526,1,1,1
"1054","K18533",0.321042823964755,1,1,1
"133","K03010",0.321044699097054,1,1,1
"1113","K19983",0.321050437776936,1,1,1
"193","K04424",0.32105385620611,1,1,1
"1238","K22862",0.321055230536906,1,1,1
"683","K12813",0.32105608307642,1,1,1
"729","K13142",0.32105722008934,1,1,1
"876","K15369",0.321059396199153,1,1,1
"1367","K24886",0.321059488687619,1,1,1
"926","K16540",0.321060641955302,1,1,1
"364","K08073",0.321060726949176,1,1,1
"256","K05633",0.321062055015143,1,1,1
"1171","K20705",0.321062467303885,1,1,1
"879","K15424",0.321062577174727,1,1,1
"947","K16754",0.321062613555456,1,1,1
"658","K12397",0.321063616733498,1,1,1
"387","K08660",0.32106415942346,1,1,1
"160","K03347",0.321064899073882,1,1,1
"1093","K19600",0.321065310630453,1,1,1
"930","K16588",0.321065623036528,1,1,1
"1035","K18079",0.321065648406946,1,1,1
"1041","K18246",0.321066250329529,1,1,1
"988","K17509",0.321066407972277,1,1,1
"241","K05048",0.321066517730503,1,1,1
"672","K12599",0.321066560976838,1,1,1
"1117","K20042",0.321067277197522,1,1,1
"398","K08799",0.321067692194858,1,1,1
"959","K16809",0.321067708452923,1,1,1
"1183","K20909",0.321067740726555,1,1,1
"586","K11324",0.321067788533558,1,1,1
"1021","K17902",0.321068447087388,1,1,1
"50","K01115",0.32106891279705,1,1,1
"845","K14972",0.321069492826931,1,1,1
"777","K14283",0.321069568783569,1,1,1
"613","K11699",0.321069655770242,1,1,1
"1384","K25219",0.321069704482105,1,1,1
"533","K10696",0.321069716125671,1,1,1
"49","K01103",0.321069724501866,1,1,1
"269","K05730",0.321069812804445,1,1,1
"411","K08864",0.321069861037473,1,1,1
"1157","K20462",0.321069864632917,1,1,1
"1155","K20401",0.321069868279712,1,1,1
"1003","K17592",0.321069869583066,1,1,1
"491","K10350",0.321069874897438,1,1,1
"51","K01116",0.321069875121061,1,1,1
"76","K01408",0.321069875121061,1,1,1
"81","K01469",0.321069875121061,1,1,1
"84","K01530",0.321069875121061,1,1,1
"94","K01873",0.321069875121061,1,1,1
"261","K05658",0.321069875121061,1,1,1
"284","K06084",0.321069875121061,1,1,1
"286","K06086",0.321069875121061,1,1,1
"305","K06271",0.321069875121061,1,1,1
"316","K06675",0.321069875121061,1,1,1
"319","K06756",0.321069875121061,1,1,1
"373","K08462",0.321069875121061,1,1,1
"391","K08735",0.321069875121061,1,1,1
"530","K10643",0.321069875121061,1,1,1
"608","K11644",0.321069875121061,1,1,1
"657","K12391",0.321069875121061,1,1,1
"665","K12559",0.321069875121061,1,1,1
"708","K12879",0.321069875121061,1,1,1
"765","K13763",0.321069875121061,1,1,1
"768","K14000",0.321069875121061,1,1,1
"788","K14429",0.321069875121061,1,1,1
"791","K14521",0.321069875121061,1,1,1
"825","K14809",0.321069875121061,1,1,1
"938","K16726",0.321069875121061,1,1,1
"945","K16751",0.321069875121061,1,1,1
"948","K16763",0.321069875121061,1,1,1
"968","K17199",0.321069875121061,1,1,1
"995","K17570",0.321069875121061,1,1,1
"1008","K17635",0.321069875121061,1,1,1
"1044","K18405",0.321069875121061,1,1,1
"1131","K20176",0.321069875121061,1,1,1
"1184","K20994",0.321069875121061,1,1,1
"1199","K21873",0.321069875121061,1,1,1
"1326","K24317",0.321069875121061,1,1,1
"1339","K24523",0.321069875121061,1,1,1
"1366","K24869",0.321069875121061,1,1,1
"24","K00548",0.321069875121061,1,1,1
"30","K00688",0.321069875121061,1,1,1
"34","K00728",0.321069875121061,1,1,1
"40","K00820",0.321069875121061,1,1,1
"42","K00901",0.321069875121061,1,1,1
"58","K01191",0.321069875121061,1,1,1
"60","K01196",0.321069875121061,1,1,1
"62","K01231",0.321069875121061,1,1,1
"68","K01276",0.321069875121061,1,1,1
"73","K01338",0.321069875121061,1,1,1
"78","K01414",0.321069875121061,1,1,1
"93","K01869",0.321069875121061,1,1,1
"96","K01886",0.321069875121061,1,1,1
"104","K02085",0.321069875121061,1,1,1
"108","K02184",0.321069875121061,1,1,1
"156","K03254",0.321069875121061,1,1,1
"157","K03255",0.321069875121061,1,1,1
"178","K04237",0.321069875121061,1,1,1
"181","K04352",0.321069875121061,1,1,1
"194","K04428",0.321069875121061,1,1,1
"201","K04458",0.321069875121061,1,1,1
"205","K04527",0.321069875121061,1,1,1
"206","K04530",0.321069875121061,1,1,1
"211","K04559",0.321069875121061,1,1,1
"214","K04575",0.321069875121061,1,1,1
"215","K04591",0.321069875121061,1,1,1
"216","K04593",0.321069875121061,1,1,1
"217","K04600",0.321069875121061,1,1,1
"219","K04648",0.321069875121061,1,1,1
"224","K04679",0.321069875121061,1,1,1
"230","K04851",0.321069875121061,1,1,1
"234","K04987",0.321069875121061,1,1,1
"238","K05011",0.321069875121061,1,1,1
"245","K05122",0.321069875121061,1,1,1
"252","K05236",0.321069875121061,1,1,1
"258","K05641",0.321069875121061,1,1,1
"259","K05642",0.321069875121061,1,1,1
"262","K05665",0.321069875121061,1,1,1
"264","K05702",0.321069875121061,1,1,1
"265","K05719",0.321069875121061,1,1,1
"266","K05724",0.321069875121061,1,1,1
"267","K05725",0.321069875121061,1,1,1
"270","K05749",0.321069875121061,1,1,1
"276","K05858",0.321069875121061,1,1,1
"287","K06106",0.321069875121061,1,1,1
"288","K06111",0.321069875121061,1,1,1
"301","K06243",0.321069875121061,1,1,1
"302","K06255",0.321069875121061,1,1,1
"304","K06270",0.321069875121061,1,1,1
"314","K06669",0.321069875121061,1,1,1
"315","K06671",0.321069875121061,1,1,1
"320","K06766",0.321069875121061,1,1,1
"321","K06816",0.321069875121061,1,1,1
"326","K07151",0.321069875121061,1,1,1
"340","K07526",0.321069875121061,1,1,1
"356","K08018",0.321069875121061,1,1,1
"358","K08045",0.321069875121061,1,1,1
"368","K08267",0.321069875121061,1,1,1
"374","K08465",0.321069875121061,1,1,1
"384","K08606",0.321069875121061,1,1,1
"397","K08798",0.321069875121061,1,1,1
"406","K08833",0.321069875121061,1,1,1
"412","K08867",0.321069875121061,1,1,1
"413","K08871",0.321069875121061,1,1,1
"424","K09093",0.321069875121061,1,1,1
"451","K09486",0.321069875121061,1,1,1
"475","K09668",0.321069875121061,1,1,1
"486","K10276",0.321069875121061,1,1,1
"492","K10356",0.321069875121061,1,1,1
"493","K10357",0.321069875121061,1,1,1
"494","K10358",0.321069875121061,1,1,1
"495","K10359",0.321069875121061,1,1,1
"499","K10392",0.321069875121061,1,1,1
"503","K10400",0.321069875121061,1,1,1
"506","K10408",0.321069875121061,1,1,1
"508","K10415",0.321069875121061,1,1,1
"510","K10421",0.321069875121061,1,1,1
"511","K10423",0.321069875121061,1,1,1
"523","K10595",0.321069875121061,1,1,1
"524","K10596",0.321069875121061,1,1,1
"525","K10608",0.321069875121061,1,1,1
"527","K10612",0.321069875121061,1,1,1
"528","K10615",0.321069875121061,1,1,1
"540","K10758",0.321069875121061,1,1,1
"543","K10779",0.321069875121061,1,1,1
"547","K10807",0.321069875121061,1,1,1
"549","K10809",0.321069875121061,1,1,1
"553","K10866",0.321069875121061,1,1,1
"555","K10885",0.321069875121061,1,1,1
"556","K10891",0.321069875121061,1,1,1
"557","K10895",0.321069875121061,1,1,1
"567","K11101",0.321069875121061,1,1,1
"574","K11262",0.321069875121061,1,1,1
"576","K11274",0.321069875121061,1,1,1
"581","K11292",0.321069875121061,1,1,1
"594","K11446",0.321069875121061,1,1,1
"596","K11478",0.321069875121061,1,1,1
"598","K11490",0.321069875121061,1,1,1
"600","K11498",0.321069875121061,1,1,1
"604","K11536",0.321069875121061,1,1,1
"605","K11540",0.321069875121061,1,1,1
"609","K11649",0.321069875121061,1,1,1
"610","K11658",0.321069875121061,1,1,1
"615","K11718",0.321069875121061,1,1,1
"617","K11798",0.321069875121061,1,1,1
"619","K11824",0.321069875121061,1,1,1
"620","K11835",0.321069875121061,1,1,1
"622","K11841",0.321069875121061,1,1,1
"631","K11974",0.321069875121061,1,1,1
"636","K12040",0.321069875121061,1,1,1
"662","K12488",0.321069875121061,1,1,1
"666","K12567",0.321069875121061,1,1,1
"682","K12811",0.321069875121061,1,1,1
"686","K12821",0.321069875121061,1,1,1
"698","K12856",0.321069875121061,1,1,1
"699","K12858",0.321069875121061,1,1,1
"715","K13024",0.321069875121061,1,1,1
"736","K13159",0.321069875121061,1,1,1
"743","K13184",0.321069875121061,1,1,1
"748","K13291",0.321069875121061,1,1,1
"760","K13709",0.321069875121061,1,1,1
"771","K14005",0.321069875121061,1,1,1
"782","K14327",0.321069875121061,1,1,1
"787","K14405",0.321069875121061,1,1,1
"789","K14442",0.321069875121061,1,1,1
"812","K14766",0.321069875121061,1,1,1
"842","K14950",0.321069875121061,1,1,1
"843","K14959",0.321069875121061,1,1,1
"854","K15156",0.321069875121061,1,1,1
"855","K15168",0.321069875121061,1,1,1
"861","K15185",0.321069875121061,1,1,1
"874","K15332",0.321069875121061,1,1,1
"885","K15445",0.321069875121061,1,1,1
"893","K15603",0.321069875121061,1,1,1
"895","K15621",0.321069875121061,1,1,1
"899","K15682",0.321069875121061,1,1,1
"907","K15979",0.321069875121061,1,1,1
"909","K16072",0.321069875121061,1,1,1
"917","K16353",0.321069875121061,1,1,1
"923","K16506",0.321069875121061,1,1,1
"927","K16551",0.321069875121061,1,1,1
"929","K16578",0.321069875121061,1,1,1
"931","K16589",0.321069875121061,1,1,1
"932","K16599",0.321069875121061,1,1,1
"935","K16677",0.321069875121061,1,1,1
"939","K16728",0.321069875121061,1,1,1
"941","K16731",0.321069875121061,1,1,1
"943","K16740",0.321069875121061,1,1,1
"944","K16743",0.321069875121061,1,1,1
"950","K16767",0.321069875121061,1,1,1
"951","K16768",0.321069875121061,1,1,1
"952","K16771",0.321069875121061,1,1,1
"956","K16803",0.321069875121061,1,1,1
"966","K17079",0.321069875121061,1,1,1
"969","K17257",0.321069875121061,1,1,1
"977","K17388",0.321069875121061,1,1,1
"989","K17541",0.321069875121061,1,1,1
"996","K17572",0.321069875121061,1,1,1
"1004","K17594",0.321069875121061,1,1,1
"1023","K17915",0.321069875121061,1,1,1
"1031","K17935",0.321069875121061,1,1,1
"1033","K17964",0.321069875121061,1,1,1
"1042","K18260",0.321069875121061,1,1,1
"1049","K18443",0.321069875121061,1,1,1
"1064","K18730",0.321069875121061,1,1,1
"1069","K18756",0.321069875121061,1,1,1
"1070","K19009",0.321069875121061,1,1,1
"1071","K19013",0.321069875121061,1,1,1
"1072","K19027",0.321069875121061,1,1,1
"1077","K19360",0.321069875121061,1,1,1
"1088","K19501",0.321069875121061,1,1,1
"1097","K19673",0.321069875121061,1,1,1
"1098","K19674",0.321069875121061,1,1,1
"1102","K19719",0.321069875121061,1,1,1
"1114","K19985",0.321069875121061,1,1,1
"1119","K20045",0.321069875121061,1,1,1
"1123","K20100",0.321069875121061,1,1,1
"1124","K20103",0.321069875121061,1,1,1
"1128","K20166",0.321069875121061,1,1,1
"1132","K20183",0.321069875121061,1,1,1
"1134","K20190",0.321069875121061,1,1,1
"1141","K20283",0.321069875121061,1,1,1
"1142","K20288",0.321069875121061,1,1,1
"1143","K20292",0.321069875121061,1,1,1
"1145","K20306",0.321069875121061,1,1,1
"1150","K20353",0.321069875121061,1,1,1
"1151","K20358",0.321069875121061,1,1,1
"1160","K20493",0.321069875121061,1,1,1
"1165","K20644",0.321069875121061,1,1,1
"1168","K20683",0.321069875121061,1,1,1
"1170","K20689",0.321069875121061,1,1,1
"1177","K20826",0.321069875121061,1,1,1
"1181","K20879",0.321069875121061,1,1,1
"1187","K21404",0.321069875121061,1,1,1
"1189","K21413",0.321069875121061,1,1,1
"1190","K21421",0.321069875121061,1,1,1
"1197","K21798",0.321069875121061,1,1,1
"1198","K21871",0.321069875121061,1,1,1
"1201","K21952",0.321069875121061,1,1,1
"1202","K21954",0.321069875121061,1,1,1
"1204","K21991",0.321069875121061,1,1,1
"1212","K22262",0.321069875121061,1,1,1
"1214","K22377",0.321069875121061,1,1,1
"1233","K22806",0.321069875121061,1,1,1
"1237","K22859",0.321069875121061,1,1,1
"1239","K22869",0.321069875121061,1,1,1
"1244","K22937",0.321069875121061,1,1,1
"1250","K23113",0.321069875121061,1,1,1
"1252","K23192",0.321069875121061,1,1,1
"1253","K23215",0.321069875121061,1,1,1
"1256","K23286",0.321069875121061,1,1,1
"1270","K23400",0.321069875121061,1,1,1
"1272","K23437",0.321069875121061,1,1,1
"1282","K23611",0.321069875121061,1,1,1
"1284","K23624",0.321069875121061,1,1,1
"1288","K23705",0.321069875121061,1,1,1
"1297","K23851",0.321069875121061,1,1,1
"1306","K23939",0.321069875121061,1,1,1
"1307","K23957",0.321069875121061,1,1,1
"1312","K24065",0.321069875121061,1,1,1
"1313","K24069",0.321069875121061,1,1,1
"1314","K24070",0.321069875121061,1,1,1
"1319","K24155",0.321069875121061,1,1,1
"1321","K24224",0.321069875121061,1,1,1
"1322","K24226",0.321069875121061,1,1,1
"1323","K24227",0.321069875121061,1,1,1
"1327","K24333",0.321069875121061,1,1,1
"1334","K24469",0.321069875121061,1,1,1
"1335","K24478",0.321069875121061,1,1,1
"1336","K24485",0.321069875121061,1,1,1
"1337","K24498",0.321069875121061,1,1,1
"1343","K24677",0.321069875121061,1,1,1
"1355","K24768",0.321069875121061,1,1,1
"1358","K24814",0.321069875121061,1,1,1
"1359","K24822",0.321069875121061,1,1,1
"1365","K24842",0.321069875121061,1,1,1
"1370","K24931",0.321069875121061,1,1,1
"1377","K24990",0.321069875121061,1,1,1
"1382","K25165",0.321069875121061,1,1,1
"112","K02324",0.321069875121062,1,1,1
"260","K05648",0.321069875121062,1,1,1
"273","K05766",0.321069875121062,1,1,1
"295","K06225",0.321069875121062,1,1,1
"297","K06236",0.321069875121062,1,1,1
"300","K06240",0.321069875121062,1,1,1
"313","K06640",0.321069875121062,1,1,1
"386","K08624",0.321069875121062,1,1,1
"435","K09291",0.321069875121062,1,1,1
"799","K14572",0.321069875121062,1,1,1
"1036","K18080",0.321069875121062,1,1,1
"1120","K20051",0.321069875121062,1,1,1
"1146","K20315",0.321069875121062,1,1,1
"1203","K21988",0.321069875121062,1,1,1
"1254","K23223",0.321069875121062,1,1,1
"1259","K23298",0.321069875121062,1,1,1
"522","K10592",0.321069875121063,1,1,1
